Kachelname,Erfassungsmethode,Aktualitaet,Bildflugnummer,Kamera_Sensor,Bodenpixelgroesse,Spektralkanaele,Koordinatenreferenzsystem_Lage,Koordinatenreferenzsystem_Hoehe,Bezugsflaeche,Koordinatenursprung_East,Koordinatenursprung_North,Anzahl_Spalten,Anzahl_Zeilen,Farbtiefe,Standardabweichung,Dateiformat,Hintergrund,Quelldatenqualitaet,Kompression,Komprimierung,Belaubungszustand,Bemerkungen
dop10rgbi_32_352_5693_1_nw_2020,0,2020-03-24,1334/20 Duisburg Herne,UCEM3-431S51194X_UCE-M3,10,RGBI,25832,7837,bDOM,352000,5693000,10000,10000,8,20,JPEG2000,0,1,1,"GDAL_JP2ECW, 90",1,keine
dop10rgbi_32_372_5631_1_nw_2021,0,2021-06-02,1361/21,UCEM3-431S51194X_UCE-M3,10,RGBI,25832,7837,bDOM,372000,5631000,10000,10000,8,20,JPEG2000,0,1,1,"GDAL_JP2ECW, 90",3,keine
dop10rgbi_32_354_5616_1_nw_2021,0,2021-06-02,1361/21,UCEM3-431S51194X_UCE-M3,10,RGBI,25832,7837,bDOM,354000,5616000,10000,10000,8,20,JPEG2000,0,1,1,"GDAL_JP2ECW, 90",3,keine
dop10rgbi_32_379_5692_1_nw_2021,0,2021-03-30,1364/21 Dortmund Hamm,UrbanMapper2-12-0101_UrbanMapper2,10,RGBI,25832,7837,bDOM,379000,5692000,10000,10000,8,20,JPEG2000,0,1,1,"GDAL_JP2ECW, 90",1,keine
dop10rgbi_32_348_5715_1_nw_2020,0,2020-03-23,1333/20 Wesel Marl,UCEp-1-31011051_UCEp,10,RGBI,25832,7837,bDOM,348000,5715000,10000,10000,8,20,JPEG2000,0,1,1,"GDAL_JP2ECW, 90",1,keine
dop10rgbi_32_490_5749_1_nw_2022,0,2022-06-15,1388/22 Paderborn,DMCIII-27532_DMCIII,10,RGBI,25832,7837,bDOM,490000,5749000,10000,10000,8,20,JPEG2000,0,1,1,"GDAL_JP2ECW, 90",3,keine
dop10rgbi_32_483_5745_1_nw_2022,0,2022-06-15,1388/22 Paderborn,DMCIII-27532_DMCIII,10,RGBI,25832,7837,bDOM,483000,5745000,10000,10000,8,20,JPEG2000,0,1,1,"GDAL_JP2ECW, 90",3,keine
dop10rgbi_32_357_5689_1_nw_2021,0,2021-06-01,1358/21 Leverkusen Wuppertal,DMCIII-27569_DMCIII,10,RGBI,25832,7837,bDOM,357000,5689000,10000,10000,8,20,JPEG2000,0,1,1,"GDAL_JP2ECW, 90",3,keine
dop10rgbi_32_484_5752_1_nw_2020,0,2020-03-22,1336/20 Herford Detmold,UCE-1-00518105_UCE,10,RGBI,25832,7837,bDOM,484000,5752000,10000,10000,8,20,JPEG2000,0,1,1,"GDAL_JP2ECW, 90",1,keine
dop10rgbi_32_361_5728_1_nw_2020,0,2020-03-23,1333/20 Wesel Marl,UCEp-1-31011051_UCEp,10,RGBI,25832,7837,bDOM,361000,5728000,10000,10000,8,20,JPEG2000,0,1,1,"GDAL_JP2ECW, 90",1,keine
dop10rgbi_32_301_5651_1_nw_2021,0,2021-02-21,1354/21 Mönchengladbach- Würselen,UCEM3-431S72402X_UCE-M3,10,RGBI,25832,7837,bDOM,301000,5651000,10000,10000,8,20,JPEG2000,0,1,1,"GDAL_JP2ECW, 90",1,keine
dop10rgbi_32_367_5692_1_nw_2020,0,2020-03-24,1334/20 Duisburg Herne,UCEM3-431S51194X_UCE-M3,10,RGBI,25832,7837,bDOM,367000,5692000,10000,10000,8,20,JPEG2000,0,1,1,"GDAL_JP2ECW, 90",1,keine
dop10rgbi_32_420_5731_1_nw_2021,0,2021-03-20,1364/21 Dortmund Hamm,UrbanMapper2-12-0101_UrbanMapper2,10,RGBI,25832,7837,bDOM,420000,5731000,10000,10000,8,20,JPEG2000,0,1,1,"GDAL_JP2ECW, 90",1,keine
dop10rgbi_32_471_5676_1_nw_2021,0,2021-06-17,1360/21 Hochsauerlandkreis,UCEM3-1-82416042_UCE-M3,10,RGBI,25832,7837,bDOM,471000,5676000,10000,10000,8,20,JPEG2000,0,1,1,"GDAL_JP2ECW, 90",1,keine
dop10rgbi_32_353_5776_1_nw_2022,0,2022-02-27,1376/22 Ahaus Rheine,UCEM3-431S41091X314298-f100_UCE-M3,10,RGBI,25832,7837,bDOM,353000,5776000,10000,10000,8,20,JPEG2000,0,1,1,"GDAL_JP2ECW, 90",1,keine
dop10rgbi_32_393_5776_1_nw_2022,0,2022-02-27,1376/22 Ahaus Rheine,UCEM3-431S41091X314298-f100_UCE-M3,10,RGBI,25832,7837,bDOM,393000,5776000,10000,10000,8,20,JPEG2000,0,1,1,"GDAL_JP2ECW, 90",1,keine
dop10rgbi_32_504_5809_1_nw_2020,0,2020-04-06,1335/20 Minden Lübbecke,UCEM3-431S61680X_UCE-M3,10,RGBI,25832,7837,bDOM,504000,5809000,10000,10000,8,20,JPEG2000,0,1,1,"GDAL_JP2ECW, 90",1,keine
dop10rgbi_32_507_5761_1_nw_2022,0,2022-06-18,1387/22 Herford Detmold,UCEp-1-41317592-f100_UCEp,10,RGBI,25832,7837,bDOM,507000,5761000,10000,10000,8,20,JPEG2000,0,1,1,"GDAL_JP2ECW, 90",3,keine
dop10rgbi_32_476_5767_1_nw_2020,0,2020-03-23,1336/20 Herford Detmold,UCE-1-00518105_UCE,10,RGBI,25832,7837,bDOM,476000,5767000,10000,10000,8,20,JPEG2000,0,1,1,"GDAL_JP2ECW, 90",1,keine
dop10rgbi_32_390_5717_1_nw_2021,0,2021-03-29,1364/21 Dortmund Hamm,UrbanMapper2-12-0101_UrbanMapper2,10,RGBI,25832,7837,bDOM,390000,5717000,10000,10000,8,20,JPEG2000,0,1,1,"GDAL_JP2ECW, 90",1,keine
dop10rgbi_32_322_5716_1_nw_2022,0,2022-07-12,1383/22 RVR West,UrbanMapper2-12-0101_UrbanMapper2,10,RGBI,25832,7837,bDOM,322000,5716000,10000,10000,8,20,JPEG2000,0,1,1,"GDAL_JP2ECW, 90",3,keine
dop10rgbi_32_470_5661_1_nw_2021,0,2021-06-17,1360/21 Hochsauerlandkreis,UCEM3-1-82416042_UCE-M3,10,RGBI,25832,7837,bDOM,470000,5661000,10000,10000,8,20,JPEG2000,0,1,1,"GDAL_JP2ECW, 90",1,keine
dop10rgbi_32_402_5724_1_nw_2021,0,2021-03-29,1364/21 Dortmund Hamm,UrbanMapper2-12-0101_UrbanMapper2,10,RGBI,25832,7837,bDOM,402000,5724000,10000,10000,8,20,JPEG2000,0,1,1,"GDAL_JP2ECW, 90",1,keine
dop10rgbi_32_491_5731_1_nw_2020,0,2020-03-22,1337/20 Paderborn,UCEM3-431S71678X_UCE-M3,10,RGBI,25832,7837,bDOM,491000,5731000,10000,10000,8,20,JPEG2000,0,1,1,"GDAL_JP2ECW, 90",1,keine
dop10rgbi_32_318_5692_1_nw_2022,0,2022-05-15,1385/22 Viersen Krefeld,UCEM3-431S51194X114341-f100_UCE-M3,10,RGBI,25832,7837,bDOM,318000,5692000,10000,10000,8,20,JPEG2000,0,1,1,"GDAL_JP2ECW, 90",3,keine
dop10rgbi_32_479_5728_1_nw_2020,0,2020-03-22,1337/20 Paderborn,UCEM3-431S71678X_UCE-M3,10,RGBI,25832,7837,bDOM,479000,5728000,10000,10000,8,20,JPEG2000,0,1,1,"GDAL_JP2ECW, 90",1,keine
dop10rgbi_32_328_5621_1_nw_2021,0,2021-02-21,1357/21 Euskirchen Blankenheim,DMCIII-27532_DMCIII,10,RGBI,25832,7837,bDOM,328000,5621000,10000,10000,8,20,JPEG2000,0,1,1,"GDAL_JP2ECW, 90",1,keine
dop10rgbi_32_339_5594_1_nw_2021,0,2021-02-25,1357/21 Euskirchen Blankenheim,DMCIII-27532_DMCIII,10,RGBI,25832,7837,bDOM,339000,5594000,10000,10000,8,20,JPEG2000,0,1,1,"GDAL_JP2ECW, 90",1,keine
dop10rgbi_32_335_5746_1_nw_2022,0,2022-02-28,1378/22 Bocholt Coesfeld,UCEp-1-31011051-f100_UCEp,10,RGBI,25832,7837,bDOM,335000,5746000,10000,10000,8,20,JPEG2000,0,1,1,"GDAL_JP2ECW, 90",1,keine
dop10rgbi_32_445_5767_1_nw_2022,0,2022-03-09,1380/22 Gütersloh,UCEM3-1-82416042-f100_UC-EpII,10,RGBI,25832,7837,bDOM,445000,5767000,10000,10000,8,20,JPEG2000,0,1,1,"GDAL_JP2ECW, 90",1,keine
dop10rgbi_32_350_5742_1_nw_2022,0,2022-02-27,1378/22 Bocholt Coesfeld,UCEp-1-31011051-f100_UCEp,10,RGBI,25832,7837,bDOM,350000,5742000,10000,10000,8,20,JPEG2000,0,1,1,"GDAL_JP2ECW, 90",1,keine
dop10rgbi_32_322_5667_1_nw_2021,0,2021-02-20,1354/21 Mönchengladbach- Würselen,UCEM3-431S72402X_UCE-M3,10,RGBI,25832,7837,bDOM,322000,5667000,10000,10000,8,20,JPEG2000,0,1,1,"GDAL_JP2ECW, 90",1,keine
dop10rgbi_32_401_5744_1_nw_2022,0,2022-03-03,1379/22 Warendorf,DMCIII-27532_DMCIII,10,RGBI,25832,7837,bDOM,401000,5744000,10000,10000,8,20,JPEG2000,0,1,1,"GDAL_JP2ECW, 90",1,keine
dop10rgbi_32_421_5761_1_nw_2022,0,2022-02-28,1379/22 Warendorf,DMCIII-27532_DMCIII,10,RGBI,25832,7837,bDOM,421000,5761000,10000,10000,8,20,JPEG2000,0,1,1,"GDAL_JP2ECW, 90",1,keine
dop10rgbi_32_342_5749_1_nw_2022,0,2022-02-28,1378/22 Bocholt Coesfeld,UCEp-1-31011051-f100_UCEp,10,RGBI,25832,7837,bDOM,342000,5749000,10000,10000,8,20,JPEG2000,0,1,1,"GDAL_JP2ECW, 90",1,keine
dop10rgbi_32_322_5617_1_nw_2021,0,2021-02-24,1357/21 Euskirchen Blankenheim,DMCIII-27532_DMCIII,10,RGBI,25832,7837,bDOM,322000,5617000,10000,10000,8,20,JPEG2000,0,1,1,"GDAL_JP2ECW, 90",1,keine
dop10rgbi_32_420_5751_1_nw_2022,0,2022-03-03,1379/22 Warendorf,DMCIII-27532_DMCIII,10,RGBI,25832,7837,bDOM,420000,5751000,10000,10000,8,20,JPEG2000,0,1,1,"GDAL_JP2ECW, 90",1,keine
dop10rgbi_32_319_5664_1_nw_2021,0,2021-02-21,1354/21 Mönchengladbach- Würselen,UCEM3-431S72402X_UCE-M3,10,RGBI,25832,7837,bDOM,319000,5664000,10000,10000,8,20,JPEG2000,0,1,1,"GDAL_JP2ECW, 90",1,keine
dop10rgbi_32_474_5708_1_nw_2022,0,2022-06-16,1388/22 Paderborn,DMCIII-27532_DMCIII,10,RGBI,25832,7837,bDOM,474000,5708000,10000,10000,8,20,JPEG2000,0,1,1,"GDAL_JP2ECW, 90",3,keine
dop10rgbi_32_312_5725_1_nw_2022,0,2022-06-15,1382/22 Kleve,UCEM3-431S61680X916102-f100_UCE-M3,10,RGBI,25832,7837,bDOM,312000,5725000,10000,10000,8,20,JPEG2000,0,1,1,"GDAL_JP2ECW, 90",3,keine
dop10rgbi_32_322_5614_1_nw_2021,0,2021-02-24,1357/21 Euskirchen Blankenheim,DMCIII-27532_DMCIII,10,RGBI,25832,7837,bDOM,322000,5614000,10000,10000,8,20,JPEG2000,0,1,1,"GDAL_JP2ECW, 90",1,keine
dop10rgbi_32_336_5747_1_nw_2022,0,2022-02-28,1378/22 Bocholt Coesfeld,UCEp-1-31011051-f100_UCEp,10,RGBI,25832,7837,bDOM,336000,5747000,10000,10000,8,20,JPEG2000,0,1,1,"GDAL_JP2ECW, 90",1,keine
dop10rgbi_32_327_5598_1_nw_2021,0,2021-02-25,1357/21 Euskirchen Blankenheim,DMCIII-27532_DMCIII,10,RGBI,25832,7837,bDOM,327000,5598000,10000,10000,8,20,JPEG2000,0,1,1,"GDAL_JP2ECW, 90",1,keine
dop10rgbi_32_424_5749_1_nw_2022,0,2022-03-03,1379/22 Warendorf,DMCIII-27532_DMCIII,10,RGBI,25832,7837,bDOM,424000,5749000,10000,10000,8,20,JPEG2000,0,1,1,"GDAL_JP2ECW, 90",1,keine
dop10rgbi_32_356_5652_1_nw_2021,0,2021-06-02,1361/21,UCEM3-431S51194X_UCE-M3,10,RGBI,25832,7837,bDOM,356000,5652000,10000,10000,8,20,JPEG2000,0,1,1,"GDAL_JP2ECW, 90",3,keine
dop10rgbi_32_346_5649_1_nw_2021,0,2021-03-02,1355/21 Düsseldorf Kerpen,UCEM3-431S71678X_UCE-M3,10,RGBI,25832,7837,bDOM,346000,5649000,10000,10000,8,20,JPEG2000,0,1,1,"GDAL_JP2ECW, 90",1,keine
dop10rgbi_32_366_5753_1_nw_2022,0,2022-02-27,1378/22 Bocholt Coesfeld,UCEp-1-31011051-f100_UCEp,10,RGBI,25832,7837,bDOM,366000,5753000,10000,10000,8,20,JPEG2000,0,1,1,"GDAL_JP2ECW, 90",1,keine
dop10rgbi_32_317_5720_1_nw_2022,0,2022-07-02,1383/22 RVR West,UrbanMapper2-12-0101_UrbanMapper2,10,RGBI,25832,7837,bDOM,317000,5720000,10000,10000,8,20,JPEG2000,0,1,1,"GDAL_JP2ECW, 90",3,keine
dop10rgbi_32_333_5597_1_nw_2021,0,2021-02-25,1357/21 Euskirchen Blankenheim,DMCIII-27532_DMCIII,10,RGBI,25832,7837,bDOM,333000,5597000,10000,10000,8,20,JPEG2000,0,1,1,"GDAL_JP2ECW, 90",1,keine
dop10rgbi_32_395_5738_1_nw_2022,0,2022-03-04,1379/22 Warendorf,DMCIII-27532_DMCIII,10,RGBI,25832,7837,bDOM,395000,5738000,10000,10000,8,20,JPEG2000,0,1,1,"GDAL_JP2ECW, 90",1,keine
dop10rgbi_32_491_5735_1_nw_2022,0,2022-06-15,1388/22 Paderborn,DMCIII-27532_DMCIII,10,RGBI,25832,7837,bDOM,491000,5735000,10000,10000,8,20,JPEG2000,0,1,1,"GDAL_JP2ECW, 90",3,keine
dop10rgbi_32_370_5651_1_nw_2021,0,2021-06-02,1361/21,UCEM3-431S51194X_UCE-M3,10,RGBI,25832,7837,bDOM,370000,5651000,10000,10000,8,20,JPEG2000,0,1,1,"GDAL_JP2ECW, 90",3,keine
dop10rgbi_32_399_5704_1_nw_2021,0,2021-03-29,1364/21 Dortmund Hamm,UrbanMapper2-12-0101_UrbanMapper2,10,RGBI,25832,7837,bDOM,399000,5704000,10000,10000,8,20,JPEG2000,0,1,1,"GDAL_JP2ECW, 90",1,keine
dop10rgbi_32_464_5720_1_nw_2022,0,2022-02-27,1381/22 Soest,UCEM3-431S71678X911005-f100_UCE-M3,10,RGBI,25832,7837,bDOM,464000,5720000,10000,10000,8,20,JPEG2000,0,1,1,"GDAL_JP2ECW, 90",1,keine
dop10rgbi_32_402_5746_1_nw_2022,0,2022-03-03,1379/22 Warendorf,DMCIII-27532_DMCIII,10,RGBI,25832,7837,bDOM,402000,5746000,10000,10000,8,20,JPEG2000,0,1,1,"GDAL_JP2ECW, 90",1,keine
dop10rgbi_32_479_5697_1_nw_2021,0,2021-06-14,1360/21 Hochsauerlandkreis,UCEM3-1-82416042_UCE-M3,10,RGBI,25832,7837,bDOM,479000,5697000,10000,10000,8,20,JPEG2000,0,1,1,"GDAL_JP2ECW, 90",1,keine
dop10rgbi_32_467_5694_1_nw_2021,0,2021-06-14,1360/21 Hochsauerlandkreis,UCEM3-1-82416042_UCE-M3,10,RGBI,25832,7837,bDOM,467000,5694000,10000,10000,8,20,JPEG2000,0,1,1,"GDAL_JP2ECW, 90",1,keine
dop10rgbi_32_415_5662_1_nw_2021,0,2021-06-14,1359/21 Iserlohn Attendorn,UCEM3-431S71678X_UCE-M3,10,RGBI,25832,7837,bDOM,415000,5662000,10000,10000,8,20,JPEG2000,0,1,1,"GDAL_JP2ECW, 90",3,keine
dop10rgbi_32_479_5768_1_nw_2020,0,2020-03-23,1336/20 Herford Detmold,UCE-1-00518105_UCE,10,RGBI,25832,7837,bDOM,479000,5768000,10000,10000,8,20,JPEG2000,0,1,1,"GDAL_JP2ECW, 90",1,keine
dop10rgbi_32_431_5747_1_nw_2022,0,2022-03-03,1379/22 Warendorf,DMCIII-27532_DMCIII,10,RGBI,25832,7837,bDOM,431000,5747000,10000,10000,8,20,JPEG2000,0,1,1,"GDAL_JP2ECW, 90",1,keine
dop10rgbi_32_345_5718_1_nw_2020,0,2020-03-23,1333/20 Wesel Marl,UCEp-1-31011051_UCEp,10,RGBI,25832,7837,bDOM,345000,5718000,10000,10000,8,20,JPEG2000,0,1,1,"GDAL_JP2ECW, 90",1,keine
dop10rgbi_32_350_5695_1_nw_2020,0,2020-03-24,1334/20 Duisburg Herne,UCEM3-431S51194X_UCE-M3,10,RGBI,25832,7837,bDOM,350000,5695000,10000,10000,8,20,JPEG2000,0,1,1,"GDAL_JP2ECW, 90",1,keine
dop10rgbi_32_419_5708_1_nw_2021,0,2021-03-29,1364/21 Dortmund Hamm,UrbanMapper2-12-0101_UrbanMapper2,10,RGBI,25832,7837,bDOM,419000,5708000,10000,10000,8,20,JPEG2000,0,1,1,"GDAL_JP2ECW, 90",1,keine
dop10rgbi_32_347_5671_1_nw_2021,0,2021-02-24,1355/21 Düsseldorf Kerpen,UCEM3-431S71678X_UCE-M3,10,RGBI,25832,7837,bDOM,347000,5671000,10000,10000,8,20,JPEG2000,0,1,1,"GDAL_JP2ECW, 90",1,keine
dop10rgbi_32_411_5733_1_nw_2022,0,2022-03-03,1379/22 Warendorf,DMCIII-27532_DMCIII,10,RGBI,25832,7837,bDOM,411000,5733000,10000,10000,8,20,JPEG2000,0,1,1,"GDAL_JP2ECW, 90",1,keine
dop10rgbi_32_524_5747_1_nw_2022,0,2022-06-18,1389/22 Höxter,UCEM3-431S41091X314298-f100_UCE-M3,10,RGBI,25832,7837,bDOM,524000,5747000,10000,10000,8,20,JPEG2000,0,1,1,"GDAL_JP2ECW, 90",3,keine
dop10rgbi_32_377_5624_1_nw_2021,0,2021-06-01,1362/21,DMCIII-27514_DMCIII,10,RGBI,25832,7837,bDOM,377000,5624000,10000,10000,8,20,JPEG2000,0,1,1,"GDAL_JP2ECW, 90",3,keine
dop10rgbi_32_368_5690_1_nw_2021,0,2021-06-01,1358/21 Leverkusen Wuppertal,DMCIII-27569_DMCIII,10,RGBI,25832,7837,bDOM,368000,5690000,10000,10000,8,20,JPEG2000,0,1,1,"GDAL_JP2ECW, 90",3,keine
dop10rgbi_32_483_5786_1_nw_2020,0,2020-04-05,1335/20 Minden Lübbecke,UCEM3-431S61680X_UCE-M3,10,RGBI,25832,7837,bDOM,483000,5786000,10000,10000,8,20,JPEG2000,0,1,1,"GDAL_JP2ECW, 90",1,keine
dop10rgbi_32_362_5641_1_nw_2021,0,2021-06-02,1361/21,UCEM3-431S51194X_UCE-M3,10,RGBI,25832,7837,bDOM,362000,5641000,10000,10000,8,20,JPEG2000,0,1,1,"GDAL_JP2ECW, 90",3,keine
dop10rgbi_32_353_5649_1_nw_2021,0,2021-06-02,1361/21,UCEM3-431S51194X_UCE-M3,10,RGBI,25832,7837,bDOM,353000,5649000,10000,10000,8,20,JPEG2000,0,1,1,"GDAL_JP2ECW, 90",3,keine
dop10rgbi_32_415_5802_1_nw_2022,0,2022-02-28,1377/22 Greven Ibbenbüren,UCEM3-431S41091X314298-f100_UCE-M3,10,RGBI,25832,7837,bDOM,415000,5802000,10000,10000,8,20,JPEG2000,0,1,1,"GDAL_JP2ECW, 90",1,keine
dop10rgbi_32_309_5675_1_nw_2022,0,2022-06-15,1385/22 Viersen Krefeld,UCEM3-431S51194X114341-f100_UCE-M3,10,RGBI,25832,7837,bDOM,309000,5675000,10000,10000,8,20,JPEG2000,0,1,1,"GDAL_JP2ECW, 90",3,keine
dop10rgbi_32_444_5650_1_nw_2021,0,2021-06-01,1363/21 Siegen,UCEM3-431S62713X_UCE-M3,10,RGBI,25832,7837,bDOM,444000,5650000,10000,10000,8,20,JPEG2000,0,1,1,"GDAL_JP2ECW, 90",3,keine
dop10rgbi_32_382_5768_1_nw_2022,0,2022-03-04,1376/22 Ahaus Rheine,UCEM3-431S91898X119229-f100_UCE-M3,10,RGBI,25832,7837,bDOM,382000,5768000,10000,10000,8,20,JPEG2000,0,1,1,"GDAL_JP2ECW, 90",1,keine
dop10rgbi_32_471_5664_1_nw_2021,0,2021-06-17,1360/21 Hochsauerlandkreis,UCEM3-1-82416042_UCE-M3,10,RGBI,25832,7837,bDOM,471000,5664000,10000,10000,8,20,JPEG2000,0,1,1,"GDAL_JP2ECW, 90",1,keine
dop10rgbi_32_330_5583_1_nw_2021,0,2021-02-25,1357/21 Euskirchen Blankenheim,DMCIII-27532_DMCIII,10,RGBI,25832,7837,bDOM,330000,5583000,10000,10000,8,20,JPEG2000,0,1,1,"GDAL_JP2ECW, 90",1,keine
dop10rgbi_32_365_5784_1_nw_2022,0,2022-03-05,1376/22 Ahaus Rheine,UCEM3-431S91898X119229-f100_UCE-M3,10,RGBI,25832,7837,bDOM,365000,5784000,10000,10000,8,20,JPEG2000,0,1,1,"GDAL_JP2ECW, 90",1,keine
dop10rgbi_32_477_5726_1_nw_2020,0,2020-03-22,1337/20 Paderborn,UCEM3-431S71678X_UCE-M3,10,RGBI,25832,7837,bDOM,477000,5726000,10000,10000,8,20,JPEG2000,0,1,1,"GDAL_JP2ECW, 90",1,keine
dop10rgbi_32_351_5648_1_nw_2021,0,2021-06-02,1361/21,UCEM3-431S51194X_UCE-M3,10,RGBI,25832,7837,bDOM,351000,5648000,10000,10000,8,20,JPEG2000,0,1,1,"GDAL_JP2ECW, 90",3,keine
dop10rgbi_32_298_5748_1_nw_2022,0,2022-06-15,1382/22 Kleve,UCEM3-431S61680X916102-f100_UCE-M3,10,RGBI,25832,7837,bDOM,298000,5748000,10000,10000,8,20,JPEG2000,0,1,1,"GDAL_JP2ECW, 90",3,keine
dop10rgbi_32_401_5730_1_nw_2021,0,2021-03-20,1364/21 Dortmund Hamm,UrbanMapper2-12-0101_UrbanMapper2,10,RGBI,25832,7837,bDOM,401000,5730000,10000,10000,8,20,JPEG2000,0,1,1,"GDAL_JP2ECW, 90",1,keine
dop10rgbi_32_355_5763_1_nw_2022,0,2022-02-28,1378/22 Bocholt Coesfeld,UCEp-1-31011051-f100_UCEp,10,RGBI,25832,7837,bDOM,355000,5763000,10000,10000,8,20,JPEG2000,0,1,1,"GDAL_JP2ECW, 90",1,keine
dop10rgbi_32_294_5635_1_nw_2021,0,2021-02-28,1354/21 Mönchengladbach- Würselen,UCEM3-431S72402X_UCE-M3,10,RGBI,25832,7837,bDOM,294000,5635000,10000,10000,8,20,JPEG2000,0,1,1,"GDAL_JP2ECW, 90",1,keine
dop10rgbi_32_293_5660_1_nw_2021,0,2021-02-21,1354/21 Mönchengladbach- Würselen,UCEM3-431S72402X_UCE-M3,10,RGBI,25832,7837,bDOM,293000,5660000,10000,10000,8,20,JPEG2000,0,1,1,"GDAL_JP2ECW, 90",1,keine
dop10rgbi_32_296_5749_1_nw_2022,0,2022-06-15,1382/22 Kleve,UCEM3-431S61680X916102-f100_UCE-M3,10,RGBI,25832,7837,bDOM,296000,5749000,10000,10000,8,20,JPEG2000,0,1,1,"GDAL_JP2ECW, 90",3,keine
dop10rgbi_32_505_5741_1_nw_2022,0,2022-06-18,1389/22 Höxter,UCEM3-431S41091X314298-f100_UCE-M3,10,RGBI,25832,7837,bDOM,505000,5741000,10000,10000,8,20,JPEG2000,0,1,1,"GDAL_JP2ECW, 90",3,keine
dop10rgbi_32_372_5754_1_nw_2022,0,2022-03-02,1378/22 Bocholt Coesfeld,UCEp-1-31011051-f100_UCEp,10,RGBI,25832,7837,bDOM,372000,5754000,10000,10000,8,20,JPEG2000,0,1,1,"GDAL_JP2ECW, 90",1,keine
dop10rgbi_32_418_5659_1_nw_2021,0,2021-06-14,1359/21 Iserlohn Attendorn,UCEM3-431S71678X_UCE-M3,10,RGBI,25832,7837,bDOM,418000,5659000,10000,10000,8,20,JPEG2000,0,1,1,"GDAL_JP2ECW, 90",3,keine
dop10rgbi_32_478_5786_1_nw_2020,0,2020-04-05,1335/20 Minden Lübbecke,UCEM3-431S61680X_UCE-M3,10,RGBI,25832,7837,bDOM,478000,5786000,10000,10000,8,20,JPEG2000,0,1,1,"GDAL_JP2ECW, 90",1,keine
dop10rgbi_32_463_5723_1_nw_2022,0,2022-02-27,1381/22 Soest,UCEM3-431S71678X911005-f100_UCE-M3,10,RGBI,25832,7837,bDOM,463000,5723000,10000,10000,8,20,JPEG2000,0,1,1,"GDAL_JP2ECW, 90",1,keine
dop10rgbi_32_370_5634_1_nw_2021,0,2021-06-02,1361/21,UCEM3-431S51194X_UCE-M3,10,RGBI,25832,7837,bDOM,370000,5634000,10000,10000,8,20,JPEG2000,0,1,1,"GDAL_JP2ECW, 90",3,keine
dop10rgbi_32_433_5694_1_nw_2021,0,2021-06-14,1360/21 Hochsauerlandkreis,UCEM3-1-82416042_UCE-M3,10,RGBI,25832,7837,bDOM,433000,5694000,10000,10000,8,20,JPEG2000,0,1,1,"GDAL_JP2ECW, 90",1,keine
dop10rgbi_32_410_5632_1_nw_2021,0,2021-06-01,1362/21,DMCIII-27514_DMCIII,10,RGBI,25832,7837,bDOM,410000,5632000,10000,10000,8,20,JPEG2000,0,1,1,"GDAL_JP2ECW, 90",3,keine
dop10rgbi_32_394_5737_1_nw_2022,0,2022-03-04,1379/22 Warendorf,DMCIII-27532_DMCIII,10,RGBI,25832,7837,bDOM,394000,5737000,10000,10000,8,20,JPEG2000,0,1,1,"GDAL_JP2ECW, 90",1,keine
dop10rgbi_32_501_5711_1_nw_2022,0,2022-05-15,1389/22 Höxter,UCEM3-431S41091X314298-f100_UCE-M3,10,RGBI,25832,7837,bDOM,501000,5711000,10000,10000,8,20,JPEG2000,0,1,1,"GDAL_JP2ECW, 90",3,keine
dop10rgbi_32_393_5631_1_nw_2021,0,2021-06-01,1362/21,DMCIII-27514_DMCIII,10,RGBI,25832,7837,bDOM,393000,5631000,10000,10000,8,20,JPEG2000,0,1,1,"GDAL_JP2ECW, 90",3,keine
dop10rgbi_32_311_5742_1_nw_2022,0,2022-06-15,1382/22 Kleve,UCEM3-431S61680X916102-f100_UCE-M3,10,RGBI,25832,7837,bDOM,311000,5742000,10000,10000,8,20,JPEG2000,0,1,1,"GDAL_JP2ECW, 90",3,keine
dop10rgbi_32_345_5606_1_nw_2021,0,2021-02-24,1357/21 Euskirchen Blankenheim,DMCIII-27532_DMCIII,10,RGBI,25832,7837,bDOM,345000,5606000,10000,10000,8,20,JPEG2000,0,1,1,"GDAL_JP2ECW, 90",1,keine
dop10rgbi_32_410_5692_1_nw_2021,0,2021-06-14,1359/21 Iserlohn Attendorn,UCEM3-431S71678X_UCE-M3,10,RGBI,25832,7837,bDOM,410000,5692000,10000,10000,8,20,JPEG2000,0,1,1,"GDAL_JP2ECW, 90",3,keine
dop10rgbi_32_441_5761_1_nw_2022,0,2022-02-28,1379/22 Warendorf,DMCIII-27532_DMCIII,10,RGBI,25832,7837,bDOM,441000,5761000,10000,10000,8,20,JPEG2000,0,1,1,"GDAL_JP2ECW, 90",1,keine
dop10rgbi_32_411_5794_1_nw_2022,0,2022-02-28,1377/22 Greven Ibbenbüren,UCEM3-431S41091X314298-f100_UCE-M3,10,RGBI,25832,7837,bDOM,411000,5794000,10000,10000,8,20,JPEG2000,0,1,1,"GDAL_JP2ECW, 90",1,keine
dop10rgbi_32_360_5719_1_nw_2020,0,2020-03-24,1334/20 Duisburg Herne,UCEM3-431S51194X_UCE-M3,10,RGBI,25832,7837,bDOM,360000,5719000,10000,10000,8,20,JPEG2000,0,1,1,"GDAL_JP2ECW, 90",1,keine
dop10rgbi_32_360_5777_1_nw_2022,0,2022-02-27,1376/22 Ahaus Rheine,UCEM3-431S41091X314298-f100_UCE-M3,10,RGBI,25832,7837,bDOM,360000,5777000,10000,10000,8,20,JPEG2000,0,1,1,"GDAL_JP2ECW, 90",1,keine
dop10rgbi_32_407_5761_1_nw_2022,0,2022-02-28,1379/22 Warendorf,DMCIII-27532_DMCIII,10,RGBI,25832,7837,bDOM,407000,5761000,10000,10000,8,20,JPEG2000,0,1,1,"GDAL_JP2ECW, 90",1,keine
dop10rgbi_32_497_5798_1_nw_2020,0,2020-04-06,1335/20 Minden Lübbecke,UCEM3-431S61680X_UCE-M3,10,RGBI,25832,7837,bDOM,497000,5798000,10000,10000,8,20,JPEG2000,0,1,1,"GDAL_JP2ECW, 90",1,keine
dop10rgbi_32_423_5750_1_nw_2022,0,2022-03-03,1379/22 Warendorf,DMCIII-27532_DMCIII,10,RGBI,25832,7837,bDOM,423000,5750000,10000,10000,8,20,JPEG2000,0,1,1,"GDAL_JP2ECW, 90",1,keine
dop10rgbi_32_433_5671_1_nw_2021,0,2021-06-14,1359/21 Iserlohn Attendorn,UCEM3-431S71678X_UCE-M3,10,RGBI,25832,7837,bDOM,433000,5671000,10000,10000,8,20,JPEG2000,0,1,1,"GDAL_JP2ECW, 90",3,keine
dop10rgbi_32_485_5744_1_nw_2022,0,2022-06-15,1388/22 Paderborn,DMCIII-27532_DMCIII,10,RGBI,25832,7837,bDOM,485000,5744000,10000,10000,8,20,JPEG2000,0,1,1,"GDAL_JP2ECW, 90",3,keine
dop10rgbi_32_421_5711_1_nw_2022,0,2022-03-03,1381/22 Soest,UCEM3-431S71678X911005-f100_UCE-M3,10,RGBI,25832,7837,bDOM,421000,5711000,10000,10000,8,20,JPEG2000,0,1,1,"GDAL_JP2ECW, 90",1,keine
dop10rgbi_32_442_5698_1_nw_2022,0,2022-02-28,1381/22 Soest,UCEM3-431S71678X911005-f100_UCE-M3,10,RGBI,25832,7837,bDOM,442000,5698000,10000,10000,8,20,JPEG2000,0,1,1,"GDAL_JP2ECW, 90",1,keine
dop10rgbi_32_399_5721_1_nw_2021,0,2021-03-29,1364/21 Dortmund Hamm,UrbanMapper2-12-0101_UrbanMapper2,10,RGBI,25832,7837,bDOM,399000,5721000,10000,10000,8,20,JPEG2000,0,1,1,"GDAL_JP2ECW, 90",1,keine
dop10rgbi_32_422_5753_1_nw_2022,0,2022-02-28,1379/22 Warendorf,DMCIII-27532_DMCIII,10,RGBI,25832,7837,bDOM,422000,5753000,10000,10000,8,20,JPEG2000,0,1,1,"GDAL_JP2ECW, 90",1,keine
dop10rgbi_32_381_5779_1_nw_2022,0,2022-02-27,1376/22 Ahaus Rheine,UCEM3-431S41091X314298-f100_UCE-M3,10,RGBI,25832,7837,bDOM,381000,5779000,10000,10000,8,20,JPEG2000,0,1,1,"GDAL_JP2ECW, 90",1,keine
dop10rgbi_32_495_5720_1_nw_2020,0,2020-03-22,1337/20 Paderborn,UCEM3-431S71678X_UCE-M3,10,RGBI,25832,7837,bDOM,495000,5720000,10000,10000,8,20,JPEG2000,0,1,1,"GDAL_JP2ECW, 90",1,keine
dop10rgbi_32_499_5753_1_nw_2022,0,2022-06-18,1387/22 Herford Detmold,UCEp-1-41317592-f100_UCEp,10,RGBI,25832,7837,bDOM,499000,5753000,10000,10000,8,20,JPEG2000,0,1,1,"GDAL_JP2ECW, 90",3,keine
dop10rgbi_32_353_5770_1_nw_2022,0,2022-03-04,1376/22 Ahaus Rheine,UCEM3-431S91898X119229-f100_UCE-M3,10,RGBI,25832,7837,bDOM,353000,5770000,10000,10000,8,20,JPEG2000,0,1,1,"GDAL_JP2ECW, 90",1,keine
dop10rgbi_32_506_5707_1_nw_2022,0,2022-05-15,1389/22 Höxter,UCEM3-431S41091X314298-f100_UCE-M3,10,RGBI,25832,7837,bDOM,506000,5707000,10000,10000,8,20,JPEG2000,0,1,1,"GDAL_JP2ECW, 90",3,keine
dop10rgbi_32_380_5711_1_nw_2020,0,2020-03-23,1334/20 Duisburg Herne,UCEM3-431S51194X_UCE-M3,10,RGBI,25832,7837,bDOM,380000,5711000,10000,10000,8,20,JPEG2000,0,1,1,"GDAL_JP2ECW, 90",1,keine
dop10rgbi_32_356_5649_1_nw_2021,0,2021-06-02,1361/21,UCEM3-431S51194X_UCE-M3,10,RGBI,25832,7837,bDOM,356000,5649000,10000,10000,8,20,JPEG2000,0,1,1,"GDAL_JP2ECW, 90",3,keine
dop10rgbi_32_357_5684_1_nw_2021,0,2021-06-01,1358/21 Leverkusen Wuppertal,DMCIII-27569_DMCIII,10,RGBI,25832,7837,bDOM,357000,5684000,10000,10000,8,20,JPEG2000,0,1,1,"GDAL_JP2ECW, 90",3,keine
dop10rgbi_32_318_5615_1_nw_2021,0,2021-03-07,1356/21 Aachen Kronenburg,UCEM3-1-82416042_UCE-M3,10,RGBI,25832,7837,bDOM,318000,5615000,10000,10000,8,20,JPEG2000,0,1,1,"GDAL_JP2ECW, 90",1,keine
dop10rgbi_32_331_5634_1_nw_2021,0,2021-03-02,1355/21 Düsseldorf Kerpen,UCEM3-431S71678X_UCE-M3,10,RGBI,25832,7837,bDOM,331000,5634000,10000,10000,8,20,JPEG2000,0,1,1,"GDAL_JP2ECW, 90",1,keine
dop10rgbi_32_306_5681_1_nw_2022,0,2022-06-15,1385/22 Viersen Krefeld,UCEM3-431S51194X114341-f100_UCE-M3,10,RGBI,25832,7837,bDOM,306000,5681000,10000,10000,8,20,JPEG2000,0,1,1,"GDAL_JP2ECW, 90",3,keine
dop10rgbi_32_334_5683_1_nw_2021,0,2021-02-24,1355/21 Düsseldorf Kerpen,UCEM3-431S71678X_UCE-M3,10,RGBI,25832,7837,bDOM,334000,5683000,10000,10000,8,20,JPEG2000,0,1,1,"GDAL_JP2ECW, 90",1,keine
dop10rgbi_32_369_5769_1_nw_2022,0,2022-03-04,1376/22 Ahaus Rheine,UCEM3-431S91898X119229-f100_UCE-M3,10,RGBI,25832,7837,bDOM,369000,5769000,10000,10000,8,20,JPEG2000,0,1,1,"GDAL_JP2ECW, 90",1,keine
dop10rgbi_32_379_5628_1_nw_2021,0,2021-06-01,1362/21,DMCIII-27514_DMCIII,10,RGBI,25832,7837,bDOM,379000,5628000,10000,10000,8,20,JPEG2000,0,1,1,"GDAL_JP2ECW, 90",3,keine
dop10rgbi_32_435_5625_1_nw_2021,0,2021-06-01,1363/21 Siegen,UCEM3-431S62713X_UCE-M3,10,RGBI,25832,7837,bDOM,435000,5625000,10000,10000,8,20,JPEG2000,0,1,1,"GDAL_JP2ECW, 90",3,keine
dop10rgbi_32_357_5631_1_nw_2021,0,2021-06-02,1361/21,UCEM3-431S51194X_UCE-M3,10,RGBI,25832,7837,bDOM,357000,5631000,10000,10000,8,20,JPEG2000,0,1,1,"GDAL_JP2ECW, 90",3,keine
dop10rgbi_32_477_5792_1_nw_2020,0,2020-04-05,1335/20 Minden Lübbecke,UCEM3-431S61680X_UCE-M3,10,RGBI,25832,7837,bDOM,477000,5792000,10000,10000,8,20,JPEG2000,0,1,1,"GDAL_JP2ECW, 90",1,keine
dop10rgbi_32_419_5741_1_nw_2022,0,2022-03-03,1379/22 Warendorf,DMCIII-27532_DMCIII,10,RGBI,25832,7837,bDOM,419000,5741000,10000,10000,8,20,JPEG2000,0,1,1,"GDAL_JP2ECW, 90",1,keine
dop10rgbi_32_300_5736_1_nw_2022,0,2022-06-15,1382/22 Kleve,UCEM3-431S61680X916102-f100_UCE-M3,10,RGBI,25832,7837,bDOM,300000,5736000,10000,10000,8,20,JPEG2000,0,1,1,"GDAL_JP2ECW, 90",3,keine
dop10rgbi_32_437_5723_1_nw_2022,0,2022-02-27,1381/22 Soest,UCEM3-431S71678X911005-f100_UCE-M3,10,RGBI,25832,7837,bDOM,437000,5723000,10000,10000,8,20,JPEG2000,0,1,1,"GDAL_JP2ECW, 90",1,keine
dop10rgbi_32_442_5761_1_nw_2022,0,2022-03-09,1380/22 Gütersloh,UCEM3-1-82416042-f100_UC-EpII,10,RGBI,25832,7837,bDOM,442000,5761000,10000,10000,8,20,JPEG2000,0,1,1,"GDAL_JP2ECW, 90",1,keine
dop10rgbi_32_396_5628_1_nw_2021,0,2021-06-01,1362/21,DMCIII-27514_DMCIII,10,RGBI,25832,7837,bDOM,396000,5628000,10000,10000,8,20,JPEG2000,0,1,1,"GDAL_JP2ECW, 90",3,keine
dop10rgbi_32_378_5672_1_nw_2021,0,2021-06-01,1358/21 Leverkusen Wuppertal,DMCIII-27569_DMCIII,10,RGBI,25832,7837,bDOM,378000,5672000,10000,10000,8,20,JPEG2000,0,1,1,"GDAL_JP2ECW, 90",3,keine
dop10rgbi_32_496_5722_1_nw_2020,0,2020-03-22,1337/20 Paderborn,UCEM3-431S71678X_UCE-M3,10,RGBI,25832,7837,bDOM,496000,5722000,10000,10000,8,20,JPEG2000,0,1,1,"GDAL_JP2ECW, 90",1,keine
dop10rgbi_32_435_5630_1_nw_2021,0,2021-06-01,1363/21 Siegen,UCEM3-431S62713X_UCE-M3,10,RGBI,25832,7837,bDOM,435000,5630000,10000,10000,8,20,JPEG2000,0,1,1,"GDAL_JP2ECW, 90",3,keine
dop10rgbi_32_359_5752_1_nw_2022,0,2022-02-28,1378/22 Bocholt Coesfeld,UCEp-1-31011051-f100_UCEp,10,RGBI,25832,7837,bDOM,359000,5752000,10000,10000,8,20,JPEG2000,0,1,1,"GDAL_JP2ECW, 90",1,keine
dop10rgbi_32_443_5743_1_nw_2022,0,2022-03-04,1380/22 Gütersloh,UCEM3-1-82416042-f100_UC-EpII,10,RGBI,25832,7837,bDOM,443000,5743000,10000,10000,8,20,JPEG2000,0,1,1,"GDAL_JP2ECW, 90",1,keine
dop10rgbi_32_451_5749_1_nw_2022,0,2022-03-04,1380/22 Gütersloh,UCEM3-1-82416042-f100_UC-EpII,10,RGBI,25832,7837,bDOM,451000,5749000,10000,10000,8,20,JPEG2000,0,1,1,"GDAL_JP2ECW, 90",1,keine
dop10rgbi_32_372_5708_1_nw_2020,0,2020-03-23,1334/20 Duisburg Herne,UCEM3-431S51194X_UCE-M3,10,RGBI,25832,7837,bDOM,372000,5708000,10000,10000,8,20,JPEG2000,0,1,1,"GDAL_JP2ECW, 90",1,keine
dop10rgbi_32_471_5782_1_nw_2020,0,2020-03-23,1336/20 Herford Detmold,UCE-1-00518105_UCE,10,RGBI,25832,7837,bDOM,471000,5782000,10000,10000,8,20,JPEG2000,0,1,1,"GDAL_JP2ECW, 90",1,keine
dop10rgbi_32_527_5719_1_nw_2022,0,2022-06-15,nn,UCEM3-431S41091X314298-f100_UCE-M3,10,RGBI,25832,7837,bDOM,527000,5719000,10000,10000,8,20,JPEG2000,0,1,1,"GDAL_JP2ECW, 90",0,keine
dop10rgbi_32_348_5747_1_nw_2022,0,2022-02-28,1378/22 Bocholt Coesfeld,UCEp-1-31011051-f100_UCEp,10,RGBI,25832,7837,bDOM,348000,5747000,10000,10000,8,20,JPEG2000,0,1,1,"GDAL_JP2ECW, 90",1,keine
dop10rgbi_32_351_5667_1_nw_2021,0,2021-02-24,1355/21 Düsseldorf Kerpen,UCEM3-431S71678X_UCE-M3,10,RGBI,25832,7837,bDOM,351000,5667000,10000,10000,8,20,JPEG2000,0,1,1,"GDAL_JP2ECW, 90",1,keine
dop10rgbi_32_406_5758_1_nw_2022,0,2022-02-28,1379/22 Warendorf,DMCIII-27532_DMCIII,10,RGBI,25832,7837,bDOM,406000,5758000,10000,10000,8,20,JPEG2000,0,1,1,"GDAL_JP2ECW, 90",1,keine
dop10rgbi_32_376_5737_1_nw_2020,0,2020-03-23,1333/20 Wesel Marl,UCEp-1-31011051_UCEp,10,RGBI,25832,7837,bDOM,376000,5737000,10000,10000,8,20,JPEG2000,0,1,1,"GDAL_JP2ECW, 90",1,keine
dop10rgbi_32_296_5663_1_nw_2021,0,2021-02-21,1354/21 Mönchengladbach- Würselen,UCEM3-431S72402X_UCE-M3,10,RGBI,25832,7837,bDOM,296000,5663000,10000,10000,8,20,JPEG2000,0,1,1,"GDAL_JP2ECW, 90",1,keine
dop10rgbi_32_402_5713_1_nw_2021,0,2021-03-29,1364/21 Dortmund Hamm,UrbanMapper2-12-0101_UrbanMapper2,10,RGBI,25832,7837,bDOM,402000,5713000,10000,10000,8,20,JPEG2000,0,1,1,"GDAL_JP2ECW, 90",1,keine
dop10rgbi_32_362_5639_1_nw_2021,0,2021-06-02,1361/21,UCEM3-431S51194X_UCE-M3,10,RGBI,25832,7837,bDOM,362000,5639000,10000,10000,8,20,JPEG2000,0,1,1,"GDAL_JP2ECW, 90",3,keine
dop10rgbi_32_325_5714_1_nw_2020,0,2020-03-23,1334/20 Duisburg Herne,UCEM3-431S51194X_UCE-M3,10,RGBI,25832,7837,bDOM,325000,5714000,10000,10000,8,20,JPEG2000,0,1,1,"GDAL_JP2ECW, 90",1,keine
dop10rgbi_32_304_5748_1_nw_2022,0,2022-06-15,1382/22 Kleve,UCEM3-431S61680X916102-f100_UCE-M3,10,RGBI,25832,7837,bDOM,304000,5748000,10000,10000,8,20,JPEG2000,0,1,1,"GDAL_JP2ECW, 90",3,keine
dop10rgbi_32_442_5693_1_nw_2022,0,2022-02-28,1381/22 Soest,UCEM3-431S71678X911005-f100_UCE-M3,10,RGBI,25832,7837,bDOM,442000,5693000,10000,10000,8,20,JPEG2000,0,1,1,"GDAL_JP2ECW, 90",1,keine
dop10rgbi_32_423_5686_1_nw_2021,0,2021-06-14,1360/21 Hochsauerlandkreis,UCEM3-1-82416042_UCE-M3,10,RGBI,25832,7837,bDOM,423000,5686000,10000,10000,8,20,JPEG2000,0,1,1,"GDAL_JP2ECW, 90",1,keine
dop10rgbi_32_342_5639_1_nw_2021,0,2021-03-02,1355/21 Düsseldorf Kerpen,UCEM3-431S71678X_UCE-M3,10,RGBI,25832,7837,bDOM,342000,5639000,10000,10000,8,20,JPEG2000,0,1,1,"GDAL_JP2ECW, 90",1,keine
dop10rgbi_32_298_5660_1_nw_2021,0,2021-02-21,1354/21 Mönchengladbach- Würselen,UCEM3-431S72402X_UCE-M3,10,RGBI,25832,7837,bDOM,298000,5660000,10000,10000,8,20,JPEG2000,0,1,1,"GDAL_JP2ECW, 90",1,keine
dop10rgbi_32_305_5667_1_nw_2021,0,2021-02-20,1354/21 Mönchengladbach- Würselen,UCEM3-431S72402X_UCE-M3,10,RGBI,25832,7837,bDOM,305000,5667000,10000,10000,8,20,JPEG2000,0,1,1,"GDAL_JP2ECW, 90",1,keine
dop10rgbi_32_413_5797_1_nw_2022,0,2022-02-28,1377/22 Greven Ibbenbüren,UCEM3-431S41091X314298-f100_UCE-M3,10,RGBI,25832,7837,bDOM,413000,5797000,10000,10000,8,20,JPEG2000,0,1,1,"GDAL_JP2ECW, 90",1,keine
dop10rgbi_32_344_5687_1_nw_2021,0,2021-02-24,1355/21 Düsseldorf Kerpen,UCEM3-431S71678X_UCE-M3,10,RGBI,25832,7837,bDOM,344000,5687000,10000,10000,8,20,JPEG2000,0,1,1,"GDAL_JP2ECW, 90",1,keine
dop10rgbi_32_337_5746_1_nw_2022,0,2022-02-28,1378/22 Bocholt Coesfeld,UCEp-1-31011051-f100_UCEp,10,RGBI,25832,7837,bDOM,337000,5746000,10000,10000,8,20,JPEG2000,0,1,1,"GDAL_JP2ECW, 90",1,keine
dop10rgbi_32_488_5735_1_nw_2022,0,2022-06-15,1388/22 Paderborn,DMCIII-27532_DMCIII,10,RGBI,25832,7837,bDOM,488000,5735000,10000,10000,8,20,JPEG2000,0,1,1,"GDAL_JP2ECW, 90",3,keine
dop10rgbi_32_450_5703_1_nw_2022,0,2022-03-03,1381/22 Soest,UCEM3-431S71678X911005-f100_UCE-M3,10,RGBI,25832,7837,bDOM,450000,5703000,10000,10000,8,20,JPEG2000,0,1,1,"GDAL_JP2ECW, 90",1,keine
dop10rgbi_32_491_5776_1_nw_2020,0,2020-03-23,1336/20 Herford Detmold,UCE-1-00518105_UCE,10,RGBI,25832,7837,bDOM,491000,5776000,10000,10000,8,20,JPEG2000,0,1,1,"GDAL_JP2ECW, 90",1,keine
dop10rgbi_32_465_5747_1_nw_2022,0,2022-03-04,1380/22 Gütersloh,UCEM3-1-82416042-f100_UC-EpII,10,RGBI,25832,7837,bDOM,465000,5747000,10000,10000,8,20,JPEG2000,0,1,1,"GDAL_JP2ECW, 90",1,keine
dop10rgbi_32_462_5794_1_nw_2020,0,2020-04-05,1335/20 Minden Lübbecke,UCEM3-431S61680X_UCE-M3,10,RGBI,25832,7837,bDOM,462000,5794000,10000,10000,8,20,JPEG2000,0,1,1,"GDAL_JP2ECW, 90",1,keine
dop10rgbi_32_309_5723_1_nw_2022,0,2022-06-14,1382/22 Kleve,UCEM3-431S61680X916102-f100_UCE-M3,10,RGBI,25832,7837,bDOM,309000,5723000,10000,10000,8,20,JPEG2000,0,1,1,"GDAL_JP2ECW, 90",3,keine
dop10rgbi_32_383_5658_1_nw_2021,0,2021-06-01,1362/21,DMCIII-27514_DMCIII,10,RGBI,25832,7837,bDOM,383000,5658000,10000,10000,8,20,JPEG2000,0,1,1,"GDAL_JP2ECW, 90",3,keine
dop10rgbi_32_294_5737_1_nw_2022,0,2022-06-15,1382/22 Kleve,UCEM3-431S61680X916102-f100_UCE-M3,10,RGBI,25832,7837,bDOM,294000,5737000,10000,10000,8,20,JPEG2000,0,1,1,"GDAL_JP2ECW, 90",3,keine
dop10rgbi_32_387_5703_1_nw_2021,0,2021-03-30,1364/21 Dortmund Hamm,UrbanMapper2-12-0101_UrbanMapper2,10,RGBI,25832,7837,bDOM,387000,5703000,10000,10000,8,20,JPEG2000,0,1,1,"GDAL_JP2ECW, 90",1,keine
dop10rgbi_32_390_5684_1_nw_2021,0,2021-03-30,1364/21 Dortmund Hamm,UrbanMapper2-12-0101_UrbanMapper2,10,RGBI,25832,7837,bDOM,390000,5684000,10000,10000,8,20,JPEG2000,0,1,1,"GDAL_JP2ECW, 90",1,keine
dop10rgbi_32_464_5747_1_nw_2022,0,2022-03-04,1380/22 Gütersloh,UCEM3-1-82416042-f100_UC-EpII,10,RGBI,25832,7837,bDOM,464000,5747000,10000,10000,8,20,JPEG2000,0,1,1,"GDAL_JP2ECW, 90",1,keine
dop10rgbi_32_395_5739_1_nw_2022,0,2022-03-04,1379/22 Warendorf,DMCIII-27532_DMCIII,10,RGBI,25832,7837,bDOM,395000,5739000,10000,10000,8,20,JPEG2000,0,1,1,"GDAL_JP2ECW, 90",1,keine
dop10rgbi_32_394_5772_1_nw_2022,0,2022-03-04,1376/22 Ahaus Rheine,UCEM3-431S91898X119229-f100_UCE-M3,10,RGBI,25832,7837,bDOM,394000,5772000,10000,10000,8,20,JPEG2000,0,1,1,"GDAL_JP2ECW, 90",1,keine
dop10rgbi_32_412_5749_1_nw_2022,0,2022-03-03,1379/22 Warendorf,DMCIII-27532_DMCIII,10,RGBI,25832,7837,bDOM,412000,5749000,10000,10000,8,20,JPEG2000,0,1,1,"GDAL_JP2ECW, 90",1,keine
dop10rgbi_32_358_5642_1_nw_2021,0,2021-06-02,1361/21,UCEM3-431S51194X_UCE-M3,10,RGBI,25832,7837,bDOM,358000,5642000,10000,10000,8,20,JPEG2000,0,1,1,"GDAL_JP2ECW, 90",3,keine
dop10rgbi_32_487_5725_1_nw_2020,0,2020-03-22,1337/20 Paderborn,UCEM3-431S71678X_UCE-M3,10,RGBI,25832,7837,bDOM,487000,5725000,10000,10000,8,20,JPEG2000,0,1,1,"GDAL_JP2ECW, 90",1,keine
dop10rgbi_32_420_5683_1_nw_2021,0,2021-06-14,1359/21 Iserlohn Attendorn,UCEM3-431S71678X_UCE-M3,10,RGBI,25832,7837,bDOM,420000,5683000,10000,10000,8,20,JPEG2000,0,1,1,"GDAL_JP2ECW, 90",3,keine
dop10rgbi_32_484_5763_1_nw_2020,0,2020-03-23,1336/20 Herford Detmold,UCE-1-00518105_UCE,10,RGBI,25832,7837,bDOM,484000,5763000,10000,10000,8,20,JPEG2000,0,1,1,"GDAL_JP2ECW, 90",1,keine
dop10rgbi_32_363_5695_1_nw_2020,0,2020-03-24,1334/20 Duisburg Herne,UCEM3-431S51194X_UCE-M3,10,RGBI,25832,7837,bDOM,363000,5695000,10000,10000,8,20,JPEG2000,0,1,1,"GDAL_JP2ECW, 90",1,keine
dop10rgbi_32_340_5723_1_nw_2020,0,2020-03-23,1333/20 Wesel Marl,UCEp-1-31011051_UCEp,10,RGBI,25832,7837,bDOM,340000,5723000,10000,10000,8,20,JPEG2000,0,1,1,"GDAL_JP2ECW, 90",1,keine
dop10rgbi_32_314_5616_1_nw_2021,0,2021-03-07,1356/21 Aachen Kronenburg,UCEM3-1-82416042_UCE-M3,10,RGBI,25832,7837,bDOM,314000,5616000,10000,10000,8,20,JPEG2000,0,1,1,"GDAL_JP2ECW, 90",1,keine
dop10rgbi_32_355_5708_1_nw_2020,0,2020-03-23,1334/20 Duisburg Herne,UCEM3-431S51194X_UCE-M3,10,RGBI,25832,7837,bDOM,355000,5708000,10000,10000,8,20,JPEG2000,0,1,1,"GDAL_JP2ECW, 90",1,keine
dop10rgbi_32_436_5727_1_nw_2022,0,2022-02-27,1381/22 Soest,UCEM3-431S71678X911005-f100_UCE-M3,10,RGBI,25832,7837,bDOM,436000,5727000,10000,10000,8,20,JPEG2000,0,1,1,"GDAL_JP2ECW, 90",1,keine
dop10rgbi_32_475_5665_1_nw_2021,0,2021-06-17,1360/21 Hochsauerlandkreis,UCEM3-1-82416042_UCE-M3,10,RGBI,25832,7837,bDOM,475000,5665000,10000,10000,8,20,JPEG2000,0,1,1,"GDAL_JP2ECW, 90",1,keine
dop10rgbi_32_307_5625_1_nw_2021,0,2021-03-07,1356/21 Aachen Kronenburg,UCEM3-1-82416042_UCE-M3,10,RGBI,25832,7837,bDOM,307000,5625000,10000,10000,8,20,JPEG2000,0,1,1,"GDAL_JP2ECW, 90",1,keine
dop10rgbi_32_452_5714_1_nw_2022,0,2022-03-03,1381/22 Soest,UCEM3-431S71678X911005-f100_UCE-M3,10,RGBI,25832,7837,bDOM,452000,5714000,10000,10000,8,20,JPEG2000,0,1,1,"GDAL_JP2ECW, 90",1,keine
dop10rgbi_32_395_5634_1_nw_2021,0,2021-06-01,1362/21,DMCIII-27514_DMCIII,10,RGBI,25832,7837,bDOM,395000,5634000,10000,10000,8,20,JPEG2000,0,1,1,"GDAL_JP2ECW, 90",3,keine
dop10rgbi_32_388_5757_1_nw_2022,0,2022-03-02,1378/22 Bocholt Coesfeld,UCEp-1-31011051-f100_UCEp,10,RGBI,25832,7837,bDOM,388000,5757000,10000,10000,8,20,JPEG2000,0,1,1,"GDAL_JP2ECW, 90",1,keine
dop10rgbi_32_353_5755_1_nw_2022,0,2022-02-28,1378/22 Bocholt Coesfeld,UCEp-1-31011051-f100_UCEp,10,RGBI,25832,7837,bDOM,353000,5755000,10000,10000,8,20,JPEG2000,0,1,1,"GDAL_JP2ECW, 90",1,keine
dop10rgbi_32_329_5710_1_nw_2020,0,2020-03-23,1334/20 Duisburg Herne,UCEM3-431S51194X_UCE-M3,10,RGBI,25832,7837,bDOM,329000,5710000,10000,10000,8,20,JPEG2000,0,1,1,"GDAL_JP2ECW, 90",1,keine
dop10rgbi_32_482_5781_1_nw_2022,0,2022-05-15,1386/22 Minden Lübbecke,UCEM3-431S92908X210339-f100_UCE-M3,10,RGBI,25832,7837,bDOM,482000,5781000,10000,10000,8,20,JPEG2000,0,1,1,"GDAL_JP2ECW, 90",3,keine
dop10rgbi_32_346_5608_1_nw_2021,0,2021-02-24,1357/21 Euskirchen Blankenheim,DMCIII-27532_DMCIII,10,RGBI,25832,7837,bDOM,346000,5608000,10000,10000,8,20,JPEG2000,0,1,1,"GDAL_JP2ECW, 90",1,keine
dop10rgbi_32_489_5794_1_nw_2020,0,2020-04-05,1335/20 Minden Lübbecke,UCEM3-431S61680X_UCE-M3,10,RGBI,25832,7837,bDOM,489000,5794000,10000,10000,8,20,JPEG2000,0,1,1,"GDAL_JP2ECW, 90",1,keine
dop10rgbi_32_387_5793_1_nw_2022,0,2022-02-23,1376/22 Ahaus Rheine,UCEM3-431S41091X314298-f100_UCE-M3,10,RGBI,25832,7837,bDOM,387000,5793000,10000,10000,8,20,JPEG2000,0,1,1,"GDAL_JP2ECW, 90",1,keine
dop10rgbi_32_435_5700_1_nw_2022,0,2022-02-28,1381/22 Soest,UCEM3-431S71678X911005-f100_UCE-M3,10,RGBI,25832,7837,bDOM,435000,5700000,10000,10000,8,20,JPEG2000,0,1,1,"GDAL_JP2ECW, 90",1,keine
dop10rgbi_32_477_5724_1_nw_2020,0,2020-03-22,1337/20 Paderborn,UCEM3-431S71678X_UCE-M3,10,RGBI,25832,7837,bDOM,477000,5724000,10000,10000,8,20,JPEG2000,0,1,1,"GDAL_JP2ECW, 90",1,keine
dop10rgbi_32_407_5774_1_nw_2022,0,2022-03-08,1377/22 Greven Ibbenbüren,UCEM3-431S91898X119229-f100_UCE-M3,10,RGBI,25832,7837,bDOM,407000,5774000,10000,10000,8,20,JPEG2000,0,1,1,"GDAL_JP2ECW, 90",1,keine
dop10rgbi_32_379_5653_1_nw_2021,0,2021-06-01,1362/21,DMCIII-27514_DMCIII,10,RGBI,25832,7837,bDOM,379000,5653000,10000,10000,8,20,JPEG2000,0,1,1,"GDAL_JP2ECW, 90",3,keine
dop10rgbi_32_314_5666_1_nw_2021,0,2021-02-20,1354/21 Mönchengladbach- Würselen,UCEM3-431S72402X_UCE-M3,10,RGBI,25832,7837,bDOM,314000,5666000,10000,10000,8,20,JPEG2000,0,1,1,"GDAL_JP2ECW, 90",1,keine
dop10rgbi_32_322_5734_1_nw_2022,0,2022-07-12,1383/22 RVR West,UrbanMapper2-12-0101_UrbanMapper2,10,RGBI,25832,7837,bDOM,322000,5734000,10000,10000,8,20,JPEG2000,0,1,1,"GDAL_JP2ECW, 90",3,keine
dop10rgbi_32_436_5664_1_nw_2021,0,2021-06-14,1359/21 Iserlohn Attendorn,UCEM3-431S71678X_UCE-M3,10,RGBI,25832,7837,bDOM,436000,5664000,10000,10000,8,20,JPEG2000,0,1,1,"GDAL_JP2ECW, 90",3,keine
dop10rgbi_32_341_5586_1_nw_2021,0,2021-02-25,1357/21 Euskirchen Blankenheim,DMCIII-27532_DMCIII,10,RGBI,25832,7837,bDOM,341000,5586000,10000,10000,8,20,JPEG2000,0,1,1,"GDAL_JP2ECW, 90",1,keine
dop10rgbi_32_437_5733_1_nw_2022,0,2022-03-03,1379/22 Warendorf,DMCIII-27532_DMCIII,10,RGBI,25832,7837,bDOM,437000,5733000,10000,10000,8,20,JPEG2000,0,1,1,"GDAL_JP2ECW, 90",1,keine
dop10rgbi_32_373_5614_1_nw_2021,0,2021-06-02,1361/21,UCEM3-431S51194X_UCE-M3,10,RGBI,25832,7837,bDOM,373000,5614000,10000,10000,8,20,JPEG2000,0,1,1,"GDAL_JP2ECW, 90",3,keine
dop10rgbi_32_378_5707_1_nw_2021,0,2021-03-29,1364/21 Dortmund Hamm,UrbanMapper2-12-0101_UrbanMapper2,10,RGBI,25832,7837,bDOM,378000,5707000,10000,10000,8,20,JPEG2000,0,1,1,"GDAL_JP2ECW, 90",1,keine
dop10rgbi_32_431_5623_1_nw_2021,0,2021-06-01,1363/21 Siegen,UCEM3-431S62713X_UCE-M3,10,RGBI,25832,7837,bDOM,431000,5623000,10000,10000,8,20,JPEG2000,0,1,1,"GDAL_JP2ECW, 90",3,keine
dop10rgbi_32_467_5741_1_nw_2022,0,2022-06-15,1388/22 Paderborn,DMCIII-27532_DMCIII,10,RGBI,25832,7837,bDOM,467000,5741000,10000,10000,8,20,JPEG2000,0,1,1,"GDAL_JP2ECW, 90",3,keine
dop10rgbi_32_501_5753_1_nw_2022,0,2022-06-18,1387/22 Herford Detmold,UCEp-1-41317592-f100_UCEp,10,RGBI,25832,7837,bDOM,501000,5753000,10000,10000,8,20,JPEG2000,0,1,1,"GDAL_JP2ECW, 90",3,keine
dop10rgbi_32_410_5648_1_nw_2021,0,2021-06-01,1362/21,DMCIII-27514_DMCIII,10,RGBI,25832,7837,bDOM,410000,5648000,10000,10000,8,20,JPEG2000,0,1,1,"GDAL_JP2ECW, 90",3,keine
dop10rgbi_32_450_5730_1_nw_2022,0,2022-02-27,1381/22 Soest,UCEM3-431S71678X911005-f100_UCE-M3,10,RGBI,25832,7837,bDOM,450000,5730000,10000,10000,8,20,JPEG2000,0,1,1,"GDAL_JP2ECW, 90",1,keine
dop10rgbi_32_460_5771_1_nw_2022,0,2022-03-09,1380/22 Gütersloh,UCEM3-1-82416042-f100_UC-EpII,10,RGBI,25832,7837,bDOM,460000,5771000,10000,10000,8,20,JPEG2000,0,1,1,"GDAL_JP2ECW, 90",1,keine
dop10rgbi_32_321_5617_1_nw_2021,0,2021-03-07,1356/21 Aachen Kronenburg,UCEM3-1-82416042_UCE-M3,10,RGBI,25832,7837,bDOM,321000,5617000,10000,10000,8,20,JPEG2000,0,1,1,"GDAL_JP2ECW, 90",1,keine
dop10rgbi_32_432_5648_1_nw_2021,0,2021-06-01,1363/21 Siegen,UCEM3-431S61885X_UCE-M3,10,RGBI,25832,7837,bDOM,432000,5648000,10000,10000,8,20,JPEG2000,0,1,1,"GDAL_JP2ECW, 90",3,keine
dop10rgbi_32_308_5711_1_nw_2022,0,2022-06-14,1382/22 Kleve,UCEM3-431S61680X916102-f100_UCE-M3,10,RGBI,25832,7837,bDOM,308000,5711000,10000,10000,8,20,JPEG2000,0,1,1,"GDAL_JP2ECW, 90",3,keine
dop10rgbi_32_519_5741_1_nw_2022,0,2022-06-18,1389/22 Höxter,UCEM3-431S41091X314298-f100_UCE-M3,10,RGBI,25832,7837,bDOM,519000,5741000,10000,10000,8,20,JPEG2000,0,1,1,"GDAL_JP2ECW, 90",3,keine
dop10rgbi_32_435_5764_1_nw_2022,0,2022-03-10,1377/22 Greven Ibbenbüren,UCEM3-431S91898X119229-f100_UCE-M3,10,RGBI,25832,7837,bDOM,435000,5764000,10000,10000,8,20,JPEG2000,0,1,1,"GDAL_JP2ECW, 90",1,keine
dop10rgbi_32_528_5719_1_nw_2022,0,2022-06-15,1389/22 Höxter,UCEM3-431S41091X314298-f100_UCE-M3,10,RGBI,25832,7837,bDOM,528000,5719000,10000,10000,8,20,JPEG2000,0,1,1,"GDAL_JP2ECW, 90",3,keine
dop10rgbi_32_392_5661_1_nw_2021,0,2021-06-01,1362/21,DMCIII-27514_DMCIII,10,RGBI,25832,7837,bDOM,392000,5661000,10000,10000,8,20,JPEG2000,0,1,1,"GDAL_JP2ECW, 90",3,keine
dop10rgbi_32_415_5717_1_nw_2021,0,2021-03-29,1364/21 Dortmund Hamm,UrbanMapper2-12-0101_UrbanMapper2,10,RGBI,25832,7837,bDOM,415000,5717000,10000,10000,8,20,JPEG2000,0,1,1,"GDAL_JP2ECW, 90",1,keine
dop10rgbi_32_425_5800_1_nw_2022,0,2022-02-28,1377/22 Greven Ibbenbüren,UCEM3-431S41091X314298-f100_UCE-M3,10,RGBI,25832,7837,bDOM,425000,5800000,10000,10000,8,20,JPEG2000,0,1,1,"GDAL_JP2ECW, 90",1,keine
dop10rgbi_32_472_5689_1_nw_2021,0,2021-06-14,1360/21 Hochsauerlandkreis,UCEM3-1-82416042_UCE-M3,10,RGBI,25832,7837,bDOM,472000,5689000,10000,10000,8,20,JPEG2000,0,1,1,"GDAL_JP2ECW, 90",1,keine
dop10rgbi_32_384_5628_1_nw_2021,0,2021-06-01,1362/21,DMCIII-27514_DMCIII,10,RGBI,25832,7837,bDOM,384000,5628000,10000,10000,8,20,JPEG2000,0,1,1,"GDAL_JP2ECW, 90",3,keine
dop10rgbi_32_319_5728_1_nw_2022,0,2022-07-02,1383/22 RVR West,UrbanMapper2-12-0101_UrbanMapper2,10,RGBI,25832,7837,bDOM,319000,5728000,10000,10000,8,20,JPEG2000,0,1,1,"GDAL_JP2ECW, 90",3,keine
dop10rgbi_32_449_5667_1_nw_2021,0,2021-06-14,1359/21 Iserlohn Attendorn,UCEM3-431S71678X_UCE-M3,10,RGBI,25832,7837,bDOM,449000,5667000,10000,10000,8,20,JPEG2000,0,1,1,"GDAL_JP2ECW, 90",3,keine
dop10rgbi_32_356_5730_1_nw_2020,0,2020-03-23,1333/20 Wesel Marl,UCEp-1-31011051_UCEp,10,RGBI,25832,7837,bDOM,356000,5730000,10000,10000,8,20,JPEG2000,0,1,1,"GDAL_JP2ECW, 90",1,keine
dop10rgbi_32_334_5697_1_nw_2020,0,2020-03-24,1334/20 Duisburg Herne,UCEM3-431S51194X_UCE-M3,10,RGBI,25832,7837,bDOM,334000,5697000,10000,10000,8,20,JPEG2000,0,1,1,"GDAL_JP2ECW, 90",1,keine
dop10rgbi_32_389_5787_1_nw_2022,0,2022-02-23,1376/22 Ahaus Rheine,UCEM3-431S41091X314298-f100_UCE-M3,10,RGBI,25832,7837,bDOM,389000,5787000,10000,10000,8,20,JPEG2000,0,1,1,"GDAL_JP2ECW, 90",1,keine
dop10rgbi_32_371_5753_1_nw_2022,0,2022-02-27,1378/22 Bocholt Coesfeld,UCEp-1-31011051-f100_UCEp,10,RGBI,25832,7837,bDOM,371000,5753000,10000,10000,8,20,JPEG2000,0,1,1,"GDAL_JP2ECW, 90",1,keine
dop10rgbi_32_303_5619_1_nw_2021,0,2021-03-07,1356/21 Aachen Kronenburg,UCEM3-1-82416042_UCE-M3,10,RGBI,25832,7837,bDOM,303000,5619000,10000,10000,8,20,JPEG2000,0,1,1,"GDAL_JP2ECW, 90",1,keine
dop10rgbi_32_322_5596_1_nw_2021,0,2021-02-25,1357/21 Euskirchen Blankenheim,DMCIII-27532_DMCIII,10,RGBI,25832,7837,bDOM,322000,5596000,10000,10000,8,20,JPEG2000,0,1,1,"GDAL_JP2ECW, 90",1,keine
dop10rgbi_32_327_5711_1_nw_2020,0,2020-03-23,1334/20 Duisburg Herne,UCEM3-431S51194X_UCE-M3,10,RGBI,25832,7837,bDOM,327000,5711000,10000,10000,8,20,JPEG2000,0,1,1,"GDAL_JP2ECW, 90",1,keine
dop10rgbi_32_314_5705_1_nw_2022,0,2022-06-15,1382/22 Kleve,UCEM3-431S61680X916102-f100_UCE-M3,10,RGBI,25832,7837,bDOM,314000,5705000,10000,10000,8,20,JPEG2000,0,1,1,"GDAL_JP2ECW, 90",3,keine
dop10rgbi_32_298_5751_1_nw_2022,0,2022-06-15,1382/22 Kleve,UCEM3-431S61680X916102-f100_UCE-M3,10,RGBI,25832,7837,bDOM,298000,5751000,10000,10000,8,20,JPEG2000,0,1,1,"GDAL_JP2ECW, 90",3,keine
dop10rgbi_32_489_5702_1_nw_2021,0,2021-06-14,1360/21 Hochsauerlandkreis,UCEM3-1-82416042_UCE-M3,10,RGBI,25832,7837,bDOM,489000,5702000,10000,10000,8,20,JPEG2000,0,1,1,"GDAL_JP2ECW, 90",1,keine
dop10rgbi_32_361_5753_1_nw_2022,0,2022-02-28,1378/22 Bocholt Coesfeld,UCEp-1-31011051-f100_UCEp,10,RGBI,25832,7837,bDOM,361000,5753000,10000,10000,8,20,JPEG2000,0,1,1,"GDAL_JP2ECW, 90",1,keine
dop10rgbi_32_463_5771_1_nw_2020,0,2020-03-23,1336/20 Herford Detmold,UCE-1-00518105_UCE,10,RGBI,25832,7837,bDOM,463000,5771000,10000,10000,8,20,JPEG2000,0,1,1,"GDAL_JP2ECW, 90",1,keine
dop10rgbi_32_446_5703_1_nw_2022,0,2022-03-03,1381/22 Soest,UCEM3-431S71678X911005-f100_UCE-M3,10,RGBI,25832,7837,bDOM,446000,5703000,10000,10000,8,20,JPEG2000,0,1,1,"GDAL_JP2ECW, 90",1,keine
dop10rgbi_32_426_5769_1_nw_2022,0,2022-03-10,1377/22 Greven Ibbenbüren,UCEM3-431S91898X119229-f100_UCE-M3,10,RGBI,25832,7837,bDOM,426000,5769000,10000,10000,8,20,JPEG2000,0,1,1,"GDAL_JP2ECW, 90",1,keine
dop10rgbi_32_407_5630_1_nw_2021,0,2021-06-01,1362/21,DMCIII-27514_DMCIII,10,RGBI,25832,7837,bDOM,407000,5630000,10000,10000,8,20,JPEG2000,0,1,1,"GDAL_JP2ECW, 90",3,keine
dop10rgbi_32_402_5706_1_nw_2021,0,2021-03-29,1364/21 Dortmund Hamm,UrbanMapper2-12-0101_UrbanMapper2,10,RGBI,25832,7837,bDOM,402000,5706000,10000,10000,8,20,JPEG2000,0,1,1,"GDAL_JP2ECW, 90",1,keine
dop10rgbi_32_422_5652_1_nw_2021,0,2021-06-01,1363/21 Siegen,UCEM3-431S61885X_UCE-M3,10,RGBI,25832,7837,bDOM,422000,5652000,10000,10000,8,20,JPEG2000,0,1,1,"GDAL_JP2ECW, 90",3,keine
dop10rgbi_32_403_5779_1_nw_2022,0,2022-03-05,1377/22 Greven Ibbenbüren,UCEM3-431S91898X119229-f100_UCE-M3,10,RGBI,25832,7837,bDOM,403000,5779000,10000,10000,8,20,JPEG2000,0,1,1,"GDAL_JP2ECW, 90",1,keine
dop10rgbi_32_422_5766_1_nw_2022,0,2022-03-10,1377/22 Greven Ibbenbüren,UCEM3-431S91898X119229-f100_UCE-M3,10,RGBI,25832,7837,bDOM,422000,5766000,10000,10000,8,20,JPEG2000,0,1,1,"GDAL_JP2ECW, 90",1,keine
dop10rgbi_32_383_5665_1_nw_2021,0,2021-06-02,1358/21 Leverkusen Wuppertal,DMCIII-27569_DMCIII,10,RGBI,25832,7837,bDOM,383000,5665000,10000,10000,8,20,JPEG2000,0,1,1,"GDAL_JP2ECW, 90",3,keine
dop10rgbi_32_409_5686_1_nw_2021,0,2021-06-14,1359/21 Iserlohn Attendorn,UCEM3-431S71678X_UCE-M3,10,RGBI,25832,7837,bDOM,409000,5686000,10000,10000,8,20,JPEG2000,0,1,1,"GDAL_JP2ECW, 90",3,keine
dop10rgbi_32_413_5788_1_nw_2022,0,2022-03-05,1377/22 Greven Ibbenbüren,UCEM3-431S91898X119229-f100_UCE-M3,10,RGBI,25832,7837,bDOM,413000,5788000,10000,10000,8,20,JPEG2000,0,1,1,"GDAL_JP2ECW, 90",1,keine
dop10rgbi_32_475_5746_1_nw_2022,0,2022-06-15,1388/22 Paderborn,DMCIII-27532_DMCIII,10,RGBI,25832,7837,bDOM,475000,5746000,10000,10000,8,20,JPEG2000,0,1,1,"GDAL_JP2ECW, 90",3,keine
dop10rgbi_32_362_5748_1_nw_2022,0,2022-02-28,1378/22 Bocholt Coesfeld,UCEp-1-31011051-f100_UCEp,10,RGBI,25832,7837,bDOM,362000,5748000,10000,10000,8,20,JPEG2000,0,1,1,"GDAL_JP2ECW, 90",1,keine
dop10rgbi_32_502_5715_1_nw_2022,0,2022-06-15,1389/22 Höxter,UCEM3-431S41091X314298-f100_UCE-M3,10,RGBI,25832,7837,bDOM,502000,5715000,10000,10000,8,20,JPEG2000,0,1,1,"GDAL_JP2ECW, 90",3,keine
dop10rgbi_32_309_5670_1_nw_2021,0,2021-02-20,1354/21 Mönchengladbach- Würselen,UCEM3-431S72402X_UCE-M3,10,RGBI,25832,7837,bDOM,309000,5670000,10000,10000,8,20,JPEG2000,0,1,1,"GDAL_JP2ECW, 90",1,keine
dop10rgbi_32_414_5655_1_nw_2021,0,2021-06-01,1363/21 Siegen,UCEM3-431S61885X_UCE-M3,10,RGBI,25832,7837,bDOM,414000,5655000,10000,10000,8,20,JPEG2000,0,1,1,"GDAL_JP2ECW, 90",3,keine
dop10rgbi_32_397_5729_1_nw_2021,0,2021-03-20,1364/21 Dortmund Hamm,UrbanMapper2-12-0101_UrbanMapper2,10,RGBI,25832,7837,bDOM,397000,5729000,10000,10000,8,20,JPEG2000,0,1,1,"GDAL_JP2ECW, 90",1,keine
dop10rgbi_32_407_5645_1_nw_2021,0,2021-06-01,1362/21,DMCIII-27514_DMCIII,10,RGBI,25832,7837,bDOM,407000,5645000,10000,10000,8,20,JPEG2000,0,1,1,"GDAL_JP2ECW, 90",3,keine
dop10rgbi_32_479_5782_1_nw_2020,0,2020-03-23,1336/20 Herford Detmold,UCE-1-00518105_UCE,10,RGBI,25832,7837,bDOM,479000,5782000,10000,10000,8,20,JPEG2000,0,1,1,"GDAL_JP2ECW, 90",1,keine
dop10rgbi_32_438_5623_1_nw_2021,0,2021-06-01,1363/21 Siegen,UCEM3-431S62713X_UCE-M3,10,RGBI,25832,7837,bDOM,438000,5623000,10000,10000,8,20,JPEG2000,0,1,1,"GDAL_JP2ECW, 90",3,keine
dop10rgbi_32_506_5706_1_nw_2022,0,2022-05-15,1389/22 Höxter,UCEM3-431S41091X314298-f100_UCE-M3,10,RGBI,25832,7837,bDOM,506000,5706000,10000,10000,8,20,JPEG2000,0,1,1,"GDAL_JP2ECW, 90",3,keine
dop10rgbi_32_393_5728_1_nw_2021,0,2021-03-20,1364/21 Dortmund Hamm,UrbanMapper2-12-0101_UrbanMapper2,10,RGBI,25832,7837,bDOM,393000,5728000,10000,10000,8,20,JPEG2000,0,1,1,"GDAL_JP2ECW, 90",1,keine
dop10rgbi_32_438_5630_1_nw_2021,0,2021-06-01,1363/21 Siegen,UCEM3-431S62713X_UCE-M3,10,RGBI,25832,7837,bDOM,438000,5630000,10000,10000,8,20,JPEG2000,0,1,1,"GDAL_JP2ECW, 90",3,keine
dop10rgbi_32_383_5664_1_nw_2021,0,2021-06-02,1358/21 Leverkusen Wuppertal,DMCIII-27569_DMCIII,10,RGBI,25832,7837,bDOM,383000,5664000,10000,10000,8,20,JPEG2000,0,1,1,"GDAL_JP2ECW, 90",3,keine
dop10rgbi_32_412_5797_1_nw_2022,0,2022-02-28,1377/22 Greven Ibbenbüren,UCEM3-431S41091X314298-f100_UCE-M3,10,RGBI,25832,7837,bDOM,412000,5797000,10000,10000,8,20,JPEG2000,0,1,1,"GDAL_JP2ECW, 90",1,keine
dop10rgbi_32_466_5741_1_nw_2022,0,2022-06-15,1388/22 Paderborn,DMCIII-27532_DMCIII,10,RGBI,25832,7837,bDOM,466000,5741000,10000,10000,8,20,JPEG2000,0,1,1,"GDAL_JP2ECW, 90",3,keine
dop10rgbi_32_419_5673_1_nw_2021,0,2021-06-14,1359/21 Iserlohn Attendorn,UCEM3-431S71678X_UCE-M3,10,RGBI,25832,7837,bDOM,419000,5673000,10000,10000,8,20,JPEG2000,0,1,1,"GDAL_JP2ECW, 90",3,keine
dop10rgbi_32_440_5622_1_nw_2021,0,2021-06-01,1363/21 Siegen,UCEM3-431S62713X_UCE-M3,10,RGBI,25832,7837,bDOM,440000,5622000,10000,10000,8,20,JPEG2000,0,1,1,"GDAL_JP2ECW, 90",3,keine
dop10rgbi_32_388_5743_1_nw_2022,0,2022-02-27,1378/22 Bocholt Coesfeld,UCEp-1-31011051-f100_UCEp,10,RGBI,25832,7837,bDOM,388000,5743000,10000,10000,8,20,JPEG2000,0,1,1,"GDAL_JP2ECW, 90",1,keine
dop10rgbi_32_458_5706_1_nw_2022,0,2022-03-03,1381/22 Soest,UCEM3-431S71678X911005-f100_UCE-M3,10,RGBI,25832,7837,bDOM,458000,5706000,10000,10000,8,20,JPEG2000,0,1,1,"GDAL_JP2ECW, 90",1,keine
dop10rgbi_32_468_5763_1_nw_2020,0,2020-03-23,1336/20 Herford Detmold,UCE-1-00518105_UCE,10,RGBI,25832,7837,bDOM,468000,5763000,10000,10000,8,20,JPEG2000,0,1,1,"GDAL_JP2ECW, 90",1,keine
dop10rgbi_32_333_5628_1_nw_2021,0,2021-02-21,1357/21 Euskirchen Blankenheim,DMCIII-27532_DMCIII,10,RGBI,25832,7837,bDOM,333000,5628000,10000,10000,8,20,JPEG2000,0,1,1,"GDAL_JP2ECW, 90",1,keine
dop10rgbi_32_434_5722_1_nw_2022,0,2022-02-27,1381/22 Soest,UCEM3-431S71678X911005-f100_UCE-M3,10,RGBI,25832,7837,bDOM,434000,5722000,10000,10000,8,20,JPEG2000,0,1,1,"GDAL_JP2ECW, 90",1,keine
dop10rgbi_32_353_5641_1_nw_2021,0,2021-06-02,1361/21,UCEM3-431S51194X_UCE-M3,10,RGBI,25832,7837,bDOM,353000,5641000,10000,10000,8,20,JPEG2000,0,1,1,"GDAL_JP2ECW, 90",3,keine
dop10rgbi_32_319_5700_1_nw_2022,0,2022-06-15,1382/22 Kleve,UCEM3-431S61680X916102-f100_UCE-M3,10,RGBI,25832,7837,bDOM,319000,5700000,10000,10000,8,20,JPEG2000,0,1,1,"GDAL_JP2ECW, 90",3,keine
dop10rgbi_32_357_5664_1_nw_2021,0,2021-06-02,1358/21 Leverkusen Wuppertal,DMCIII-27569_DMCIII,10,RGBI,25832,7837,bDOM,357000,5664000,10000,10000,8,20,JPEG2000,0,1,1,"GDAL_JP2ECW, 90",3,keine
dop10rgbi_32_341_5663_1_nw_2021,0,2021-02-25,1355/21 Düsseldorf Kerpen,UCEM3-431S71678X_UCE-M3,10,RGBI,25832,7837,bDOM,341000,5663000,10000,10000,8,20,JPEG2000,0,1,1,"GDAL_JP2ECW, 90",1,keine
dop10rgbi_32_334_5616_1_nw_2021,0,2021-02-24,1357/21 Euskirchen Blankenheim,DMCIII-27532_DMCIII,10,RGBI,25832,7837,bDOM,334000,5616000,10000,10000,8,20,JPEG2000,0,1,1,"GDAL_JP2ECW, 90",1,keine
dop10rgbi_32_529_5719_1_nw_2022,0,2022-06-15,1389/22 Höxter,UCEM3-431S41091X314298-f100_UCE-M3,10,RGBI,25832,7837,bDOM,529000,5719000,10000,10000,8,20,JPEG2000,0,1,1,"GDAL_JP2ECW, 90",3,keine
dop10rgbi_32_416_5729_1_nw_2021,0,2021-03-20,1364/21 Dortmund Hamm,UrbanMapper2-12-0101_UrbanMapper2,10,RGBI,25832,7837,bDOM,416000,5729000,10000,10000,8,20,JPEG2000,0,1,1,"GDAL_JP2ECW, 90",1,keine
dop10rgbi_32_307_5747_1_nw_2022,0,2022-06-15,1382/22 Kleve,UCEM3-431S61680X916102-f100_UCE-M3,10,RGBI,25832,7837,bDOM,307000,5747000,10000,10000,8,20,JPEG2000,0,1,1,"GDAL_JP2ECW, 90",3,keine
dop10rgbi_32_503_5749_1_nw_2022,0,2022-06-18,1387/22 Herford Detmold,UCEp-1-41317592-f100_UCEp,10,RGBI,25832,7837,bDOM,503000,5749000,10000,10000,8,20,JPEG2000,0,1,1,"GDAL_JP2ECW, 90",3,keine
dop10rgbi_32_384_5629_1_nw_2021,0,2021-06-01,1362/21,DMCIII-27514_DMCIII,10,RGBI,25832,7837,bDOM,384000,5629000,10000,10000,8,20,JPEG2000,0,1,1,"GDAL_JP2ECW, 90",3,keine
dop10rgbi_32_363_5646_1_nw_2021,0,2021-06-02,1361/21,UCEM3-431S51194X_UCE-M3,10,RGBI,25832,7837,bDOM,363000,5646000,10000,10000,8,20,JPEG2000,0,1,1,"GDAL_JP2ECW, 90",3,keine
dop10rgbi_32_455_5636_1_nw_2021,0,2021-06-01,1363/21 Siegen,UCEM3-431S62713X_UCE-M3,10,RGBI,25832,7837,bDOM,455000,5636000,10000,10000,8,20,JPEG2000,0,1,1,"GDAL_JP2ECW, 90",3,keine
dop10rgbi_32_414_5710_1_nw_2021,0,2021-03-29,1364/21 Dortmund Hamm,UrbanMapper2-12-0101_UrbanMapper2,10,RGBI,25832,7837,bDOM,414000,5710000,10000,10000,8,20,JPEG2000,0,1,1,"GDAL_JP2ECW, 90",1,keine
dop10rgbi_32_500_5733_1_nw_2022,0,2022-06-18,1389/22 Höxter,UCEM3-431S41091X314298-f100_UCE-M3,10,RGBI,25832,7837,bDOM,500000,5733000,10000,10000,8,20,JPEG2000,0,1,1,"GDAL_JP2ECW, 90",3,keine
dop10rgbi_32_405_5721_1_nw_2021,0,2021-03-29,1364/21 Dortmund Hamm,UrbanMapper2-12-0101_UrbanMapper2,10,RGBI,25832,7837,bDOM,405000,5721000,10000,10000,8,20,JPEG2000,0,1,1,"GDAL_JP2ECW, 90",1,keine
dop10rgbi_32_417_5752_1_nw_2022,0,2022-02-28,1379/22 Warendorf,DMCIII-27532_DMCIII,10,RGBI,25832,7837,bDOM,417000,5752000,10000,10000,8,20,JPEG2000,0,1,1,"GDAL_JP2ECW, 90",1,keine
dop10rgbi_32_410_5645_1_nw_2021,0,2021-06-01,1362/21,DMCIII-27514_DMCIII,10,RGBI,25832,7837,bDOM,410000,5645000,10000,10000,8,20,JPEG2000,0,1,1,"GDAL_JP2ECW, 90",3,keine
dop10rgbi_32_475_5674_1_nw_2021,0,2021-06-17,1360/21 Hochsauerlandkreis,UCEM3-1-82416042_UCE-M3,10,RGBI,25832,7837,bDOM,475000,5674000,10000,10000,8,20,JPEG2000,0,1,1,"GDAL_JP2ECW, 90",1,keine
dop10rgbi_32_312_5682_1_nw_2022,0,2022-06-15,1385/22 Viersen Krefeld,UCEM3-431S51194X114341-f100_UCE-M3,10,RGBI,25832,7837,bDOM,312000,5682000,10000,10000,8,20,JPEG2000,0,1,1,"GDAL_JP2ECW, 90",3,keine
dop10rgbi_32_471_5750_1_nw_2022,0,2022-03-04,1380/22 Gütersloh,UCEM3-1-82416042-f100_UC-EpII,10,RGBI,25832,7837,bDOM,471000,5750000,10000,10000,8,20,JPEG2000,0,1,1,"GDAL_JP2ECW, 90",1,keine
dop10rgbi_32_403_5767_1_nw_2022,0,2022-03-10,1377/22 Greven Ibbenbüren,UCEM3-431S91898X119229-f100_UCE-M3,10,RGBI,25832,7837,bDOM,403000,5767000,10000,10000,8,20,JPEG2000,0,1,1,"GDAL_JP2ECW, 90",1,keine
dop10rgbi_32_329_5749_1_nw_2022,0,2022-02-28,1378/22 Bocholt Coesfeld,UCEp-1-31011051-f100_UCEp,10,RGBI,25832,7837,bDOM,329000,5749000,10000,10000,8,20,JPEG2000,0,1,1,"GDAL_JP2ECW, 90",1,keine
dop10rgbi_32_381_5630_1_nw_2021,0,2021-06-01,1362/21,DMCIII-27514_DMCIII,10,RGBI,25832,7837,bDOM,381000,5630000,10000,10000,8,20,JPEG2000,0,1,1,"GDAL_JP2ECW, 90",3,keine
dop10rgbi_32_482_5706_1_nw_2022,0,2022-06-16,1388/22 Paderborn,DMCIII-27532_DMCIII,10,RGBI,25832,7837,bDOM,482000,5706000,10000,10000,8,20,JPEG2000,0,1,1,"GDAL_JP2ECW, 90",3,keine
dop10rgbi_32_414_5749_1_nw_2022,0,2022-03-03,1379/22 Warendorf,DMCIII-27532_DMCIII,10,RGBI,25832,7837,bDOM,414000,5749000,10000,10000,8,20,JPEG2000,0,1,1,"GDAL_JP2ECW, 90",1,keine
dop10rgbi_32_469_5714_1_nw_2022,0,2022-06-16,1388/22 Paderborn,DMCIII-27532_DMCIII,10,RGBI,25832,7837,bDOM,469000,5714000,10000,10000,8,20,JPEG2000,0,1,1,"GDAL_JP2ECW, 90",3,keine
dop10rgbi_32_302_5691_1_nw_2022,0,2022-05-15,1385/22 Viersen Krefeld,UCEM3-431S51194X114341-f100_UCE-M3,10,RGBI,25832,7837,bDOM,302000,5691000,10000,10000,8,20,JPEG2000,0,1,1,"GDAL_JP2ECW, 90",3,keine
dop10rgbi_32_335_5748_1_nw_2022,0,2022-02-28,1378/22 Bocholt Coesfeld,UCEp-1-31011051-f100_UCEp,10,RGBI,25832,7837,bDOM,335000,5748000,10000,10000,8,20,JPEG2000,0,1,1,"GDAL_JP2ECW, 90",1,keine
dop10rgbi_32_307_5717_1_nw_2022,0,2022-06-14,1382/22 Kleve,UCEM3-431S61680X916102-f100_UCE-M3,10,RGBI,25832,7837,bDOM,307000,5717000,10000,10000,8,20,JPEG2000,0,1,1,"GDAL_JP2ECW, 90",3,keine
dop10rgbi_32_432_5634_1_nw_2021,0,2021-06-01,1363/21 Siegen,UCEM3-431S61885X_UCE-M3,10,RGBI,25832,7837,bDOM,432000,5634000,10000,10000,8,20,JPEG2000,0,1,1,"GDAL_JP2ECW, 90",3,keine
dop10rgbi_32_446_5744_1_nw_2022,0,2022-03-04,1380/22 Gütersloh,UCEM3-1-82416042-f100_UC-EpII,10,RGBI,25832,7837,bDOM,446000,5744000,10000,10000,8,20,JPEG2000,0,1,1,"GDAL_JP2ECW, 90",1,keine
